Fiscal Year,CFO,Operating Income,D&A,Denominator (OpInc+D&A),RESULT_QoI_Ratio
2016,15435000000,13441000000,3078000000,16519000000,0.9343785943459048
2017,12753000000,13766000000,2820000000,16586000000,0.7689014831785843
2018,14867000000,13363000000,2834000000,16197000000,0.9178860282768414
2019,15242000000,5487000000,2824000000,8311000000,1.833954999398388
2020,17403000000,15706000000,3013000000,18719000000,0.9296970992040172
2021,18371000000,17986000000,2735000000,20721000000,0.8865884851117224
2022,16723000000,17813000000,2807000000,20620000000,0.8110087293889428
2023,16848000000,18134000000,2714000000,20848000000,0.8081350729086723
2024,19846000000,18545000000,2896000000,21441000000,0.9256098129751412
